{
    "delays": {
        "112x": [
            [
                3.839734619929748e-09, 
                4.219250230212299e-09, 
                4.5922343917795206e-09
            ]
        ], 
        "89x": [
            [
                -2.333054898134458e-08, 
                -2.3747763830481347e-08, 
                -2.384498482826803e-08
            ]
        ], 
        "88x": [
            [
                9.46223677316837e-09, 
                9.298237567166868e-09, 
                1.0084063839217111e-08
            ]
        ], 
        "31x": [
            [
                1.5495452554737255e-08, 
                1.5798118824769578e-08, 
                1.564389706675142e-08
            ]
        ], 
        "105x": [
            [
                3.6514592294112834e-09, 
                4.021981330982743e-09, 
                4.968656449528786e-09
            ]
        ], 
        "20x": [
            [
                1.512379358951609e-08, 
                1.5009681066233974e-08, 
                1.4434281047035677e-08
            ]
        ], 
        "104x": [
            [
                3.1964253487150994e-08, 
                3.292773198652451e-08, 
                3.2864109416025884e-08
            ]
        ], 
        "96x": [
            [
                -5.737049943651737e-08, 
                -5.795207764243761e-08, 
                -5.6210288291634374e-08
            ]
        ], 
        "97x": [
            [
                -1.064495508150731e-08, 
                -1.0852847896523758e-08, 
                -1.0994207894039364e-08
            ]
        ], 
        "9x": [
            [
                3.7249334985758437e-09, 
                3.045719301040529e-09, 
                3.422694795137824e-09
            ]
        ], 
        "10x": [
            [
                -1.2616781268758954e-09, 
                -1.2469505201318153e-09, 
                -1.6063309140867329e-09
            ]
        ], 
        "80x": [
            [
                2.394601593514079e-08, 
                2.318258878615876e-08, 
                2.2999711236885977e-08
            ]
        ], 
        "72x": [
            [
                -5.4466511230166715e-09, 
                -5.652262993049823e-09, 
                -5.574371388948341e-09
            ]
        ], 
        "43x": [
            [
                6.834571923888722e-09, 
                6.439547512232717e-09, 
                6.0819627794947626e-09
            ]
        ], 
        "22x": [
            [
                9.350417865340992e-09, 
                9.710170935217481e-09, 
                9.339949165700319e-09
            ]
        ], 
        "64x": [
            [
                -6.995465356314008e-08, 
                -6.97261187868196e-08, 
                -7.084046933346938e-08
            ]
        ], 
        "65x": [
            [
                2.024944913571096e-08, 
                2.0939428644789574e-08, 
                2.1335533551300033e-08
            ]
        ], 
        "53x": [
            [
                2.4366667699830826e-08, 
                2.458556548411488e-08, 
                2.330355891158887e-08
            ]
        ]
    }, 
    "rotated_antennas": [
        "89x", 
        "31x"
    ]
}